{"import_times": {"tensorflow": {"raspberry_pi": 13.7796311378479, "aws_ec2": 2.264681339263916, "fast_desktop_cpu": 0.9586844444274902, "avg_desktop_cpu": 1.1367828845977783, "slow_desktop_cpu": 1.2941575050354004, "chameleon_cpu": 1.6063017845153809, "chameleon_gpu": 2.3753931522369385}, "numpy": {"raspberry_pi": 0.47284460067749023, "aws_ec2": 0.13675546646118164, "fast_desktop_cpu": 0.10912728309631348, "avg_desktop_cpu": 0.11516213417053223, "slow_desktop_cpu": 0.12643647193908691, "chameleon_cpu": 0.18139934539794922, "chameleon_gpu": 0.12654757499694824}, "multiprocessing": {"raspberry_pi": 0.09009051322937012, "aws_ec2": 0.015137672424316406, "fast_desktop_cpu": 0.006808757781982422, "avg_desktop_cpu": 0.008191108703613281, "slow_desktop_cpu": 0.009392261505126953, "chameleon_cpu": 0.011073827743530273, "chameleon_gpu": 0.007920265197753906}, "pandas": {"raspberry_pi": 2.193269968032837, "aws_ec2": 0.37506890296936035, "fast_desktop_cpu": 0.22781991958618164, "avg_desktop_cpu": 0.2994716167449951, "slow_desktop_cpu": 0.36751699447631836, "chameleon_cpu": 0.38880085945129395, "chameleon_gpu": 0.26756739616394043}}}