{"weights": {"uchicago_slow": {"chameleon": [[11.178675534847835], [2.2301259192767126e-07], [0.3033582986693432]], "uchicago_fast": [[3.096415823961802], [1.1395662220697828e-07], [0.1949664299866985]], "aws_slow": [[-9.839146722533467], [3.7099779168304034e-07], [3.4089807370666123]], "midway": [[11.570359816948551], [1.1196510260610901e-07], [0.36864238547674233]]}, "chameleon": {"uchicago_slow": [[11.178675534847835], [2.2301259192767126e-07], [0.3033582986693432]], "uchicago_fast": [[8.945578851364917], [1.6685319574630907e-07], [0.6699117636256924]], "aws_slow": [[12.526401878920831], [1.3460772707608407e-08], [0.05050156822459245]], "midway": [[11.211246277247811], [3.0814684964994704e-07], [0.37403416109240173]]}, "uchicago_fast": {"uchicago_slow": [[3.096415823961802], [1.1395662220697828e-07], [0.1949664299866985]], "chameleon": [[8.945578851364917], [1.6685319574630907e-07], [0.6699117636256924]], "aws_slow": [[10.75596658919314], [3.082610213679209e-07], [0.37660656162955414]], "midway": [[13.802601597568186], [7.500751491850903e-08], [-0.08533313519830382]]}, "aws_slow": {"uchicago_slow": [[-9.839146722533467], [3.7099779168304034e-07], [3.4089807370666123]], "chameleon": [[12.526401878920831], [1.3460772707608407e-08], [0.05050156822459245]], "uchicago_fast": [[10.75596658919314], [3.082610213679209e-07], [0.37660656162955414]], "midway": [[14.848764663653066], [7.046756126925768e-07], [-0.17046059529111796]]}, "midway": {"uchicago_slow": [[11.570359816948551], [1.1196510260610901e-07], [0.36864238547674233]], "chameleon": [[11.211246277247811], [3.0814684964994704e-07], [0.37403416109240173]], "uchicago_fast": [[13.802601597568186], [7.500751491850903e-08], [-0.08533313519830382]], "aws_slow": [[14.848764663653066], [7.046756126925768e-07], [-0.17046059529111796]]}}, "sizes": {"uchicago_slow": {"chameleon": [100000, 1000000000, 100, 1000, 10, 100000000, 10000, 1000000, 10000000], "uchicago_fast": [100000, 1000000000, 100, 1000, 10, 100000000, 10000, 1000000, 10000000, 100000, 1000000, 100, 1000, 10, 100000000, 10000, 10000000], "aws_slow": [100000, 1000000000, 100, 1000, 10, 100000000, 10000, 1000000, 10000000, 100000, 1000000, 100, 1000, 10, 100000000, 10000, 10000000], "midway": [100000, 1000000, 100, 1000, 10, 100000000, 10000, 10000000, 100000, 1000000000, 100, 1000, 10, 100000000, 10000, 1000000, 10000000]}, "chameleon": {"uchicago_slow": [100000, 1000000000, 100, 1000, 10, 100000000, 10000, 1000000, 10000000], "uchicago_fast": [100000, 1000000000, 100, 1000, 10, 100000000, 10000, 1000000, 10000000], "aws_slow": [100000, 1000000000, 100, 1000, 10, 100000000, 10000, 1000000, 10000000], "midway": [100000, 1000000000, 100, 1000, 10, 100000000, 10000, 1000000, 10000000]}, "uchicago_fast": {"uchicago_slow": [100000, 1000000000, 100, 1000, 10, 100000000, 10000, 1000000, 10000000, 100000, 1000000, 100, 1000, 10, 100000000, 10000, 10000000], "chameleon": [100000, 1000000000, 100, 1000, 10, 100000000, 10000, 1000000, 10000000], "aws_slow": [100000, 1000000, 100, 1000, 10, 100000000, 10000, 10000000, 100000, 1000000000, 100, 1000, 10, 100000000, 10000, 1000000, 10000000], "midway": [100000, 1000000000, 100, 1000, 10, 100000000, 10000, 1000000, 10000000, 100000, 1000000, 100, 1000, 10, 100000000, 10000, 10000000]}, "aws_slow": {"uchicago_slow": [100000, 1000000000, 100, 1000, 10, 100000000, 10000, 1000000, 10000000, 100000, 1000000, 100, 1000, 10, 100000000, 10000, 10000000], "chameleon": [100000, 1000000000, 100, 1000, 10, 100000000, 10000, 1000000, 10000000], "uchicago_fast": [100000, 1000000, 100, 1000, 10, 100000000, 10000, 10000000, 100000, 1000000000, 100, 1000, 10, 100000000, 10000, 1000000, 10000000], "midway": [100000, 1000000, 100, 1000, 10, 100000000, 10000, 10000000, 100000, 1000000000, 100, 1000, 10, 100000000, 10000, 1000000, 10000000]}, "midway": {"uchicago_slow": [100000, 1000000, 100, 1000, 10, 100000000, 10000, 10000000, 100000, 1000000000, 100, 1000, 10, 100000000, 10000, 1000000, 10000000], "chameleon": [100000, 1000000000, 100, 1000, 10, 100000000, 10000, 1000000, 10000000], "uchicago_fast": [100000, 1000000000, 100, 1000, 10, 100000000, 10000, 1000000, 10000000, 100000, 1000000, 100, 1000, 10, 100000000, 10000, 10000000], "aws_slow": [100000, 1000000, 100, 1000, 10, 100000000, 10000, 10000000, 100000, 1000000000, 100, 1000, 10, 100000000, 10000, 1000000, 10000000]}}, "times": {"uchicago_slow": {"chameleon": [14.063900470733643, 240.39723086357117, 13.075900077819824, 12.678987979888916, 12.905296564102173, 39.76851773262024, 12.766867399215698, 14.727632522583008, 19.44838809967041], "uchicago_fast": [5.5662195682525635, 121.07983112335205, 4.144527435302734, 4.132687091827393, 4.210183382034302, 19.50098991394043, 4.31020975112915, 4.882623195648193, 11.07585859298706, 4.15650200843811, 5.228964805603027, 4.389386177062988, 4.114082336425781, 4.12729549407959, 16.511126279830933, 4.086498022079468, 6.765470027923584], "aws_slow": [13.980896711349487, 421.79643726348877, 12.934218406677246, 12.737205266952515, 12.900255918502808, 47.247321367263794, 12.890965700149536, 14.012523651123047, 16.64613676071167, 13.794965028762817, 17.07239079475403, 12.892053365707397, 12.948629379272461, 13.285860538482666, 237.86512899398804, 12.498745441436768, 36.47944211959839], "midway": [13.805379629135132, 14.861019134521484, 13.854341745376587, 14.066805839538574, 13.830537557601929, 35.09170627593994, 13.859752178192139, 19.680777072906494, 13.934584379196167, 130.70994758605957, 14.104549884796143, 13.865949869155884, 13.779704809188843, 28.429368495941162, 13.888783931732178, 14.0031578540802, 20.531254291534424]}, "chameleon": {"uchicago_slow": [14.063900470733643, 240.39723086357117, 13.075900077819824, 12.678987979888916, 12.905296564102173, 39.76851773262024, 12.766867399215698, 14.727632522583008, 19.44838809967041], "uchicago_fast": [13.214245080947876, 189.29168272018433, 12.786848068237305, 13.771982431411743, 12.870712280273438, 41.82706046104431, 12.658220291137695, 16.871394872665405, 22.024300813674927], "aws_slow": [12.942948341369629, 27.016104221343994, 13.345462799072266, 12.638237714767456, 12.636556625366211, 14.934159994125366, 12.623774766921997, 12.822296857833862, 13.967276811599731], "midway": [14.679240703582764, 327.0045442581177, 13.221056938171387, 13.676041603088379, 13.081686019897461, 49.96912932395935, 13.02474570274353, 17.157771110534668, 20.228435754776]}, "uchicago_fast": {"uchicago_slow": [5.5662195682525635, 121.07983112335205, 4.144527435302734, 4.132687091827393, 4.210183382034302, 19.50098991394043, 4.31020975112915, 4.882623195648193, 11.07585859298706, 4.15650200843811, 5.228964805603027, 4.389386177062988, 4.114082336425781, 4.12729549407959, 16.511126279830933, 4.086498022079468, 6.765470027923584], "chameleon": [13.214245080947876, 189.29168272018433, 12.786848068237305, 13.771982431411743, 12.870712280273438, 41.82706046104431, 12.658220291137695, 16.871394872665405, 22.024300813674927], "aws_slow": [14.018292427062988, 17.123982906341553, 12.782060384750366, 12.724766254425049, 12.596896171569824, 43.190423250198364, 12.891400814056396, 19.651845693588257, 12.824134826660156, 326.3925802707672, 13.195579767227173, 14.122230529785156, 13.232869625091553, 58.034082889556885, 12.827677011489868, 12.74158501625061, 21.505155086517334], "midway": [13.052197933197021, 87.43385100364685, 14.15714955329895, 13.21688437461853, 12.9215829372406, 18.178614139556885, 13.124332666397095, 14.220740556716919, 14.116379499435425, 13.025814771652222, 13.78579568862915, 13.065115928649902, 12.70209527015686, 12.909825801849365, 17.169456481933594, 13.415358066558838, 13.909452676773071]},